id,chr3,Pos,Allele0,dna0,rna0,Allele1,dna1,rna1,P,effect,MAF (Capture),MAF (POP-STARR),,,,
.,chr3,156781891,T,151,158,C,10,2.20E+01,0.256182118,2.102531646,0.00526316,0.062111801,,,,
rs142569593,chr3,156782952,A,1,6,G,1161,2.59E+03,0.867795609,0.372380132,0.00526316,0.000860585,,,,
.,chr3,156788557,A,169,1392,G,5341,4.36E+04,0.986614465,0.99024503,0.00526316,0.030671506,,,,
rs73170826,chr3,156793907,T,6,47,C,1697,7.51E+03,0.520926672,0.564575785,0.00526316,0.003523194,,,,
rs141309976,chr3,156795268,T,15,109,C,3784,3.62E+04,0.655686692,1.314976628,0.00526316,0.003948407,,,,
rs145204171,chr3,156799432,A,266,1834,G,5824,3.76E+04,0.655686692,0.936223366,0.00526316,0.043678161,,,,
.,chr3,156800347,C,22096,336271,G,723,9.78E+03,0.028129569,0.888933366,0.00526316,0.031684123,,,,
.,chr3,156801110,T,3488,12594,C,25,1.04E+02,0.830160557,1.15214229,0.00526316,0.007116425,,,,
.,chr3,156806197,A,950,3873,G,44,2.18E+02,0.599938296,1.215290003,0.00526316,0.044265594,,,,
rs187206450,chr3,156806296,A,979,4035,G,15,5.60E+01,0.89503185,0.905807518,0.00526316,0.015090543,,,,
.,chr3,156806739,C,111,741,G,3272,2.68E+04,0.221076353,1.225025489,0.00526316,0.032811114,,,,
.,chr3,156807064,T,373,11496,G,5100,1.39E+05,0.132270727,0.883201062,0.00526316,0.06815275,,,,
rs77513616,chr3,156807837,A,24081,235188,G,1153,1.17E+04,0.479000995,1.043174639,0.00526316,0.04569232,,,,
.,chr3,156808109,C,252,2261,G,3590,3.11E+04,0.836847992,0.96565451,0.00526316,0.065590838,,,,
rs374372483,chr3,156812689,A,1601,17423,G,18,1.02E+02,0.126464746,0.520710172,0.00526316,0.011117974,,,,
rs74563697,chr3,156821349,T,236,1944,G,3552,3.21E+04,0.496483678,1.097001515,0.00526316,0.062302006,,,,
.,chr3,156823280,A,1336,9213,C,70,5.87E+02,0.452590502,1.216033245,0.00526316,0.049786629,,,,
.,chr3,156825671,C,636,4555,G,11040,7.54E+04,0.617858533,0.954002529,0.00526316,0.054470709,,,,
.,chr3,156825782,A,61,433,G,11615,7.96E+04,0.932717113,0.96489329,0.00526316,0.005224392,,,,
.,chr3,156825872,T,760,5489,C,10916,74497,0.467568646,0.944921256,0.00526316,0.065090785,,,,
rs145230277,chr3,156827237,A,181,1054,G,3366,21631,0.544259418,1.103571433,0.00526316,0.051029039,,,,
.,chr3,156827354,T,16,70,C,3531,22615,0.501150685,1.463931707,0.00526316,0.004510854,,,,
.,chr3,156827774,T,1357,18297,C,27160,366268,1,1.000159285,0.00526316,0.047585651,,,,
rs374940809,chr3,156828560,T,1302,1849,C,38,92,0.048488073,1.704819106,0.00526316,0.028358209,,,,
rs115901524,chr3,156833770,T,572,3123,C,8111,40613,0.257507793,0.917095821,0.00526316,0.065875849,,,,
.,chr3,156833965,T,1016,11791,C,13463,144591,0.131620456,0.925427677,0.00526316,0.070170592,,,,
.,chr3,156837249,A,1969,6638,G,8,35,0.830160557,1.297736517,0.00526316,0.004046535,,,,
rs150265376,chr3,156837579,T,20,42,C,4306,10169,0.867795609,1.124565943,0.00526316,0.004623209,,,,
.,chr3,156838396,T,628,18973,C,2396,57285,4.09137E-06,0.791366644,0.00526316,0.207671958,,,,
rs75387517,chr3,156840099,T,102,1679,C,13356,249882,0.518869499,1.136601012,0.00526316,0.007579135,,,,
rs192934841,chr3,156840646,A,1353,6773,G,132,627,0.833510506,0.948877898,0.00526316,0.088888889,,,,
.,chr3,156840863,T,1385,6913,C,100,487,0.923408506,0.975690728,0.00526316,0.067340067,,,,
.,chr3,156841833,C,329,1117,G,4091,11988,0.137485468,0.86309774,0.00526316,0.074434389,,,,
.,chr3,156846571,A,2152,24603,C,15,158,0.901881318,0.921340216,0.00526316,0.006922012,,,,
.,chr3,156847112,C,5263,109534,G,50,921,0.687355008,0.88506272,0.00526316,0.009410879,,,,
.,chr3,156847711,A,14,163,G,4489,35393,0.481302661,0.67718636,0.00526316,0.003109038,,,,
rs373010886,chr3,156848283,C,54,869,G,9883,182404,0.654762474,1.146884137,0.00526316,0.005434236,,,,
.,chr3,156849795,A,10051,62712,G,1027,6611,0.680211339,1.031704524,0.00526316,0.092706265,,,,
rs117360271,chr3,156852314,T,814,17851,G,11387,195495,5.06257E-10,0.782867364,0.00526316,0.066715843,,,,
.,chr3,156852630,A,550,9872,G,15223,286069,0.619488724,1.046955188,0.00526316,0.034869714,,,,
.,chr3,156853347,T,79,679,C,1268,7782,0.043342034,0.714051096,0.00526316,0.058648849,,,,
.,chr3,156853828,T,4451,39911,C,37,320,0.905010982,0.964524445,0.00526316,0.008244207,,,,
.,chr3,156854415,T,21,129,C,12362,86522,0.80620166,1.13937686,0.00526316,0.001695873,,,,
rs192145568,chr3,156854829,A,201,1856,C,13819,183069,7.36076E-05,1.434684076,0.00526316,0.014336662,,,,
rs73012132,chr3,156854946,T,2052,11192,G,6,33,1,1.008398856,0.00526316,0.002915452,,,,
rs147338179,chr3,156863439,C,1427,3795,G,67,174,0.964326817,0.976532358,0.00526316,0.044846051,,,,
rs112637961,chr3,156870079,T,1,3,C,20,15,0.638869811,0.25,0.00526316,0.047619048,,,,
rs144776694,chr3,156870948,A,140,106,G,7,8,0.830160557,1.509433962,0.00526316,0.047619048,,,,
rs139556532,chr3,156877142,C,2070,16394,G,229,1973,0.599938296,1.087870043,0.00526316,0.099608525,,,,
.,chr3,156877398,A,251,6043,C,5322,121912,0.767735,0.951464772,0.00526316,0.045038579,,,,
rs60291272,chr3,156878073,T,36,959,C,9906,308849,0.655686692,1.170393145,0.00526316,0.003621002,,,,
.,chr3,156878129,T,27,472,C,9915,309336,0.048488073,1.78467653,0.00526316,0.002715751,,,,
rs73873797,chr3,156878382,T,4661,66212,C,32,419,0.836847992,0.921735769,0.00526316,0.006818666,,,,
rs35295311,chr3,156878585,T,247,3431,C,1445,20853,0.830160557,1.038907619,0.00526316,0.145981087,,,,
.,chr3,156878662,A,1676,24109,G,16,175,0.619488724,0.760348832,0.00526316,0.009456265,,,,
.,chr3,156888940,A,14461,228150,T,1082,18407,0.126464746,1.078285101,0.00526316,0.069613331,,,,
.,chr3,156892775,A,22,187,C,71,597,1,0.989229495,0.00526316,0.23655914,,,,
.,chr3,156893114,C,460,1054,G,44,111,0.839603698,1.101000518,0.00526316,0.087301587,,,,
.,chr3,156893223,T,498,1152,C,6,13,1,0.936631944,0.00526316,0.011904762,,,,
rs73012157,chr3,156893323,A,36,61,G,1253,2545,0.680211339,1.198696898,0.00526316,0.027928627,,,,
rs73873801,chr3,156898104,C,17698,134231,G,115,664,0.063103475,0.761275063,0.00526316,0.006455959,,,,
.,chr3,156898193,A,453,3516,T,17360,131379,0.836847992,0.975047036,0.00526316,0.025430865,,,,
.,chr3,156898385,A,16656,124994,G,1157,9901,0.000504114,1.140321328,0.00526316,0.064952563,,,,
.,chr3,156900797,C,2442,15904,G,92,686,0.595481702,1.144921157,0.00526316,0.036306235,,,,
rs144853785,chr3,156900902,T,2527,16520,C,7,70,0.687355008,1.529661017,0.00526316,0.002762431,,,,
.,chr3,156908127,A,633,1039,G,27,34,0.655686692,0.767190675,0.00526316,0.040909091,,,,
.,chr3,156919609,A,45,117,G,1113,3067,0.884833389,1.059852098,0.00526316,0.038860104,,,,
rs144585670,chr3,156919639,A,28,98,G,1130,3086,0.619488724,0.780278129,0.00526316,0.02417962,,,,
.,chr3,156948922,C,6225,53914,G,241,2141,0.89503185,1.025740318,0.00526316,0.037271884,,,,
.,chr3,156948954,T,264,2109,C,6202,53946,0.501150685,1.08881685,0.00526316,0.040828951,,,,
rs150127003,chr3,156949061,A,55,519,G,6411,55536,0.830160557,0.918003107,0.00526316,0.008506032,,,,
.,chr3,156958435,T,3,24,G,1236,4778,0.654762474,0.483211974,0.00526316,0.002421308,,,,
.,chr3,156974048,A,1671,6954,G,127,489,0.758163185,0.925224026,0.00526316,0.070634038,,,,
.,chr3,156975046,C,15,53,G,776,1838,0.534375298,0.670346236,0.00526316,0.018963338,,,,
rs74993031,chr3,156981051,A,268,630,G,20,42,0.865536594,0.893333333,0.00526316,0.069444444,,,,
rs76866061,chr3,157000078,A,17,26,T,155,341,0.619488724,1.438461538,0.00526316,0.098837209,,,,
rs76214714,chr3,157000079,A,17,26,C,155,341,0.619488724,1.438461538,0.00526316,0.098837209,,,,
.,chr3,157000142,A,1,3,G,171,364,1,0.709551657,0.00526316,0.005813953,,,,
rs180685260,chr3,157000353,A,1471,11094,G,14766,101131,0.010130394,0.908125663,0.00526316,0.090595553,,,,
rs147578651,chr3,157003608,A,326,2623,G,5249,45920,0.467568646,1.087288053,0.00526316,0.058475336,,,,
rs76891633,chr3,157003946,A,613,7799,T,8924,109342,0.687355008,0.963050378,0.00526316,0.064275978,,,,
rs192323416,chr3,157012307,T,41,84,G,417,834,1,0.976190476,0.00526316,0.089519651,,,,
.,chr3,157029885,A,77,64,T,6,4,1,0.802083333,0.00526316,0.072289157,,,,
rs138726455,chr3,156781901,T,6,16,C,155,164,0.274343928,0.396774194,0.0105263,0.037267081,,,,
rs149361019,chr3,156782075,C,35,26,G,126,154,0.31859616,1.645299145,0.0105263,0.217391304,,,,
rs187449231,chr3,156782951,T,61,172,C,1101,2428,0.406531415,0.782100839,0.0105263,0.052495697,,,,
rs185479762,chr3,156793945,T,15,113,G,1688,7439,0.220414095,0.584998742,0.0105263,0.008807986,,,,
rs116499265,chr3,156794085,T,428,2027,G,1275,5525,0.45862073,0.914981089,0.0105263,0.251321198,,,,
rs150111201,chr3,156800112,A,13187,144329,G,4492,56947,8.80724E-15,1.158306534,0.0105263,0.25408677,,,,
rs148820226,chr3,156800229,T,117,1240,C,10347,104997,0.879268813,0.957473181,0.0105263,0.011181193,,,,
rs114902032,chr3,156800300,C,21948,334021,G,871,12031,0.056477053,0.907621451,0.0105263,0.038169946,,,,
rs185612854,chr3,156800327,C,860,11932,G,21959,334120,0.080319944,1.096667872,0.0105263,0.037687892,,,,
rs143455332,chr3,156800634,T,1015,22921,C,11477,217730,3.07759E-06,0.84008334,0.0105263,0.081252001,,,,
rs140843953,chr3,156807090,A,37,1061,G,5436,149260,0.953601136,0.957525458,0.0105263,0.00676046,,,,
.,chr3,156807918,A,170,1563,G,3672,31802,0.782258538,0.941980048,0.0105263,0.044247788,,,,
rs114088848,chr3,156812642,C,1526,16429,G,93,1096,0.754627349,1.094639233,0.0105263,0.057442866,,,,
rs150443384,chr3,156812774,A,1516,16125,G,103,1400,0.127862401,1.277880635,0.0105263,0.063619518,,,,
rs75196513,chr3,156822891,A,23,101,C,3787,15575,0.974958782,0.936567779,0.0105263,0.006036745,,,,
rs183691408,chr3,156823256,A,87,547,G,1319,9253,0.655686692,1.115757187,0.0105263,0.061877667,,,,
.,chr3,156827692,C,28239,380757,G,278,3808,0.930042369,1.015906083,0.0105263,0.009748571,,,,
rs114350250,chr3,156831906,C,5,29,G,701,3745,1,0.921097939,0.0105263,0.007082153,,,,
rs114884739,chr3,156833184,T,101,819,C,12111,119841,0.257507793,1.22028955,0.0105263,0.008270554,,,,
rs77721676,chr3,156837290,A,1966,6610,G,11,63,0.406531415,1.70345207,0.0105263,0.005563986,,,,
rs77229413,chr3,156845596,A,3398,18131,C,288,1530,0.995864212,0.995635927,0.0105263,0.078133478,,,,
rs150948355,chr3,156847174,T,5286,109707,C,27,748,0.467568646,1.334844429,0.0105263,0.005081875,,,,
rs73873789,chr3,156849903,A,857,5389,G,10221,63934,0.974958782,0.994743538,0.0105263,0.077360534,,,,
.,chr3,156854837,T,491,6670,G,13529,178255,0.80620166,0.969910547,0.0105263,0.035021398,,,,
rs149550482,chr3,156884601,A,3946,19880,G,40,265,0.405193113,1.315002515,0.0105263,0.010035123,,,,
.,chr3,156892421,T,17,9,C,2475,1338,1,1.021144781,0.0105263,0.00682183,,,,
.,chr3,156892557,T,300,247,C,2285,1884,1,1.001426306,0.0105263,0.116054159,,,,
.,chr3,156893345,A,1248,2512,G,41,94,0.798323633,1.139039925,0.0105263,0.031807603,,,,
rs145424797,chr3,156898163,A,577,4314,G,17236,130581,0.89503185,1.013302647,0.0105263,0.032392073,,,,
rs149566517,chr3,156919628,A,1110,3058,G,48,126,0.905010982,0.952828646,0.0105263,0.041450777,,,,
rs141105487,chr3,156944053,T,1,1,C,23,26,1,1.130434783,0.0105263,0.041666667,,,,
rs11715757,chr3,156973754,A,76,330,G,1722,7113,0.89503185,0.951303981,0.0105263,0.042269188,,,,
rs144358664,chr3,157004193,T,538,6532,C,8999,110609,0.901881318,1.012353792,0.0105263,0.05641187,,,,
rs192763439,chr3,156783045,T,17,49,C,1145,2551,0.713380028,0.772961412,0.0157895,0.014629948,,,,
rs139461982,chr3,156783491,C,12352,143407,G,860,10510,0.467568646,1.052618981,0.0157895,0.06509234,,,,
rs143107753,chr3,156791774,T,4101,29329,C,339,2632,0.467568646,1.085622162,0.0157895,0.076351351,,,,
rs142713779,chr3,156829383,A,441,511,G,26,39,0.666751844,1.294520548,0.0157895,0.055674518,,,,
rs116422906,chr3,156833752,T,114,595,C,8569,43141,0.89503185,0.964601539,0.0157895,0.013129103,,,,
rs184863693,chr3,156834101,A,13365,144746,C,1114,11636,0.599938296,0.964452657,0.0157895,0.076939015,,,,
rs142845494,chr3,156840250,T,22035,303392,G,1073,15792,0.19447885,1.068922807,0.0157895,0.046434135,,,,
rs115389351,chr3,156846509,A,102,1246,G,2065,23515,0.80620166,0.932195617,0.0157895,0.047069682,,,,
rs114472236,chr3,156848422,T,3030,57275,C,6907,125998,0.386499309,0.965054247,0.0157895,0.304921002,,,,
rs77576721,chr3,156908365,T,640,1030,C,20,43,0.655686692,1.33592233,0.0157895,0.03030303,,,,
rs138131842,chr3,156919537,T,29,84,C,1129,3100,0.976284018,0.947952254,0.0157895,0.025043178,,,,
rs148430653,chr3,156926715,T,6,4,C,622,588,0.89503185,1.418006431,0.0157895,0.00955414,,,,
rs114093927,chr3,157003757,A,18,44,G,1305,4237,0.619488724,1.328213166,0.0157895,0.013605442,,,,
rs76541862,chr3,157016217,C,3665,17507,G,253,1308,0.617858533,1.082304515,0.0157895,0.064573762,,,,
rs115946832,chr3,157017938,A,23,21,G,196,212,0.836847992,1.184645287,0.0157895,0.105022831,,,,
rs116232925,chr3,157036058,T,131,348,C,8,25,0.932717113,1.176364943,0.0157895,0.057553957,,,,
.,chr3,156795123,T,73,695,C,3726,35572,0.996217316,1.002774978,0.0210526,0.019215583,,,,
rs111588359,chr3,156796654,A,7902,43412,G,767,4299,0.836847992,1.020232871,0.0210526,0.088476179,,,,
rs77117697,chr3,156799389,A,122,763,G,5968,38665,0.884833389,1.035915885,0.0210526,0.020032841,,,,
rs115684881,chr3,156799531,C,7170,55485,G,455,4153,0.011071721,1.179489556,0.0210526,0.059672131,,,,
rs62274120,chr3,156815912,A,120,252,G,23,46,0.967434049,0.952380952,0.0210526,0.160839161,,,,
rs114125710,chr3,156819319,T,410,589,C,29,35,0.798323633,0.840114747,0.0210526,0.066059226,,,,
rs78654526,chr3,156823026,T,475,2478,C,4741,22998,0.467568646,0.929848986,0.0210526,0.091065951,,,,
rs139580693,chr3,156840098,A,339,8484,C,13119,243077,9.7896E-07,0.740358683,0.0210526,0.025189478,,,,
rs144681227,chr3,156845467,T,14,114,C,1332,6383,0.241016224,0.588496391,0.0210526,0.010401189,,,,
rs79120733,chr3,156876979,T,2186,17347,C,46,350,0.89503185,0.958817588,0.0210526,0.020609319,,,,
rs149744552,chr3,156877397,A,531,13018,G,5042,114937,0.406531415,0.929837955,0.0210526,0.095280818,,,,
rs9814142,chr3,156877707,A,6668,148174,T,976,23431,0.145449021,1.080350289,0.0210526,0.127681842,,,,
rs9856475,chr3,156878226,T,2916,59542,C,11719,316897,2.39835E-36,1.324316149,0.0210526,0.199248377,,,,
rs34300533,chr3,156944098,A,22,26,G,2,1,0.830160557,0.423076923,0.0210526,0.083333333,,,,
rs13319093,chr3,156957264,A,5944,52757,G,509,4930,0.273119356,1.091259019,0.0210526,0.078878041,,,,
rs16827182,chr3,156788646,A,239,2203,G,5271,42752,0.257507793,0.879927365,0.0263158,0.043375681,,,,
rs77297266,chr3,156830686,A,5182,46124,G,116,998,0.884833389,0.966591557,0.0263158,0.021895055,,,,
rs149642318,chr3,156833294,T,19688,211177,C,1726,19764,0.088982413,1.067552,0.0263158,0.080601476,,,,
rs77927407,chr3,156837730,C,3959,9293,G,367,918,0.654762474,1.06562937,0.0263158,0.084835876,,,,
rs112710706,chr3,156845864,T,5528,43944,G,516,4259,0.754627349,1.038308446,0.0263158,0.085373925,,,,
rs114954070,chr3,156854187,T,95,429,C,3697,19139,0.544259418,1.146399809,0.0263158,0.025052743,,,,
rs6797962,chr3,156877985,A,689,19187,G,11391,334941,0.467568646,1.05588983,0.0263158,0.057036424,,,,
rs142544534,chr3,157000433,A,15682,109026,G,383,2832,0.599938296,1.06356943,0.0263158,0.023840647,,,,
rs149932378,chr3,157003522,A,258,2791,G,3994,41471,0.830160557,0.959834413,0.0263158,0.060677328,,,,
rs114301386,chr3,156792147,A,12,13,G,247,174,0.619488724,0.650264715,0.0315789,0.046332046,,,,
rs190104891,chr3,156800138,T,285,2750,C,10179,103487,0.690610267,1.053641454,0.0315789,0.027236239,,,,
rs138464002,chr3,156800914,A,171,753,T,3479,12781,0.19447885,0.834279439,0.0315789,0.046849315,,,,
rs115631466,chr3,156805648,T,167,508,C,44,125,0.89503185,0.933920902,0.0315789,0.208530806,,,,
rs115070122,chr3,156806726,A,168,1925,G,3215,25574,7.92883E-05,0.694218578,0.0315789,0.049660065,,,,
rs79020821,chr3,156807128,A,187,5892,G,5286,144429,0.241016224,0.867173732,0.0315789,0.034167733,,,,
rs61511343,chr3,156831730,A,76,345,G,630,3429,0.471845248,1.199006211,0.0315789,0.107648725,,,,
rs148555064,chr3,156875496,A,734,1357,G,58,116,0.867795609,1.081798084,0.0315789,0.073232323,,,,
rs73012149,chr3,156877299,A,3,21,G,64,649,0.764458161,1.448660714,0.0315789,0.044776119,,,,
rs59496343,chr3,156892526,T,334,247,C,2251,1884,0.467568646,1.131761502,0.0315789,0.129206963,,,,
rs6781503,chr3,156898134,T,948,6845,C,16865,128050,0.464966659,1.051545628,0.0315789,0.053219559,,,,
rs61112709,chr3,156958315,A,1178,4502,G,61,300,0.289363974,1.286859756,0.0315789,0.049233253,,,,
rs149666749,chr3,156966861,A,555,8869,G,8889,44580,8.6559E-190,0.31383797,0.0315789,0.058767471,,,,
rs73014253,chr3,156966866,A,8877,44496,G,567,8953,4.7526E-189,3.150146663,0.0315789,0.060038119,,,,
rs78109201,chr3,156992493,T,125,479,G,36,114,0.671536576,0.826374391,0.0315789,0.223602484,,,,
rs73018206,chr3,157036040,T,13,30,C,126,343,0.884833389,1.17962963,0.0315789,0.09352518,,,,
rs111643632,chr3,156819231,T,80,117,C,590,929,0.837235341,1.076633348,0.0368421,0.119402985,,,,
rs114768619,chr3,156819364,C,26,34,G,413,590,0.905010982,1.092436975,0.0368421,0.059225513,,,,
rs79605727,chr3,156829366,T,6,11,C,461,539,0.760296214,0.637744035,0.0368421,0.012847966,,,,
rs73012118,chr3,156845156,A,98,121,G,12,18,0.878485668,1.214876033,0.0368421,0.109090909,,,,
rs78452574,chr3,156846888,T,587,12747,C,23764,524715,0.878485668,1.01679652,0.0368421,0.024105786,,,,
rs77569122,chr3,156845966,A,3394,31846,G,310,3193,0.444731163,1.097726559,0.0421053,0.083693305,,,,
rs73014250,chr3,156965440,A,89,44,G,13,2,0.452590502,0.311188811,0.0421053,0.12745098,,,,
rs28671546,chr3,156992654,T,8,38,G,153,555,0.830160557,0.763673891,0.0421053,0.049689441,,,,
rs73016264,chr3,156998846,A,79,160,G,181,420,0.697755763,1.145718232,0.0421053,0.303846154,,,,
rs62281373,chr3,157017929,C,33,26,G,186,207,0.599938296,1.412531017,0.0421053,0.150684932,,,,
rs73873782,chr3,156784576,A,3709,46902,G,32712,415374,0.92230453,1.004147895,0.0526316,0.101836852,,,,
rs62274098,chr3,156806431,T,3159,15946,C,814,3924,0.617858533,0.954997995,0.0526316,0.20488296,,,,
rs73170828,chr3,156807428,A,516,5055,G,10638,120786,0.020409346,1.159004587,0.0526316,0.046261431,,,,
rs73012128,chr3,156853521,A,670,4088,C,50,270,0.754627349,0.885029354,0.0526316,0.069444444,,,,
rs62276504,chr3,156949202,T,672,6176,C,5794,49879,0.418193444,0.936701537,0.0526316,0.10392824,,,,
rs7610214,chr3,156992583,T,5,29,C,156,564,0.687355008,0.623342175,0.0526316,0.031055901,,,,
rs4680352,chr3,157004141,A,702,8966,G,8835,108175,0.619488724,0.958647022,0.0526316,0.073608053,,,,
rs75448647,chr3,156806544,T,141,1146,C,2838,14633,4.57897E-06,0.634388755,0.0578947,0.047331319,,,,
rs77421548,chr3,156823651,T,13229,225375,G,1554,27905,0.238557004,1.054028343,0.0578947,0.105120747,,,,
rs78740114,chr3,156830546,A,279,2501,G,5019,44621,0.981719421,0.991773763,0.0578947,0.052661382,,,,
rs112534523,chr3,156833241,C,10952,107535,G,1260,13125,0.241016224,1.060894902,0.0578947,0.103177203,,,,
rs113502786,chr3,156845335,A,1294,5859,G,162,777,0.816808838,1.059294659,0.0578947,0.111263736,,,,
rs62276465,chr3,156898221,T,856,5453,C,16957,129442,4.6839E-05,1.198296971,0.0578947,0.048054791,,,,
rs62276490,chr3,156924838,T,86,365,C,2459,9694,0.830160557,0.928859599,0.0578947,0.033791749,,,,
rs76132103,chr3,156965213,T,69,16,C,33,30,0.003492149,3.920454545,0.0578947,0.323529412,,,,
rs147403863,chr3,156965483,A,95,44,G,7,2,0.884833389,0.616883117,0.0578947,0.068627451,,,,
rs12633429,chr3,156991392,T,701,242,C,70,15,0.397661092,0.620720189,0.0578947,0.09079118,,,,
rs16827244,chr3,156833616,T,15990,137418,G,1895,16599,0.760296214,1.019242562,0.0631579,0.105954711,,,,
rs114281247,chr3,156846432,T,1245,17241,C,5102,61432,0.000250616,0.869483009,0.0631579,0.196155664,,,,
rs73012120,chr3,156847325,A,629,12729,C,4684,97726,0.770343097,1.030978469,0.0684211,0.118388858,,,,
rs7633004,chr3,156875341,A,48,89,G,744,1384,1,1.003262051,0.0684211,0.060606061,,,,
rs12497891,chr3,156888726,A,1517,23471,G,14026,223086,0.646342236,1.027998472,0.0684211,0.097600206,,,,
rs79284096,chr3,156893763,T,3,10,C,114,251,0.89503185,0.660526316,0.0684211,0.025641026,,,,
rs2874616,chr3,157008913,T,40,29,C,320,202,0.833510506,0.870689655,0.0684211,0.111111111,,,,
rs76450594,chr3,156812738,C,1500,16679,G,119,846,0.000334186,0.639358807,0.0736842,0.073502162,,,,
rs11710600,chr3,156829677,T,387,472,C,80,78,0.534375298,0.799417373,0.0736842,0.17130621,,,,
rs77000195,chr3,156863689,T,1296,3463,C,198,506,0.833510506,0.956396188,0.0736842,0.13253012,,,,
rs41272613,chr3,156870816,A,124,92,G,23,22,0.798323633,1.289224953,0.0736842,0.156462585,,,,
rs12634818,chr3,156924793,A,2408,9484,G,137,575,0.80620166,1.065644174,0.0736842,0.053831041,,,,
rs59279023,chr3,156956653,T,249,1146,G,50,252,0.833510506,1.095078534,0.0736842,0.16722408,,,,
rs16827338,chr3,156958317,T,135,459,C,1104,4343,0.467568646,1.157022592,0.0736842,0.108958838,,,,
rs13091434,chr3,156830611,T,4928,43862,C,370,3260,0.951441399,0.989915546,0.0789474,0.069837675,,,,
rs75624594,chr3,156877236,A,63,562,G,4,108,0.15920576,3.026690391,0.0789474,0.059701493,,,,
rs6797456,chr3,156877516,A,493,11666,G,5013,115619,0.833510506,0.974667425,0.0789474,0.089538685,,,,
rs6798403,chr3,156878395,A,284,4260,G,4409,62371,0.666751844,0.943086112,0.0789474,0.060515662,,,,
rs75553516,chr3,156878689,T,1582,22804,C,110,1480,0.783062071,0.933392866,0.0789474,0.06501182,,,,
rs111898339,chr3,156807985,T,3562,31186,G,280,2179,0.27422408,0.888860157,0.0842105,0.072878709,,,,
rs188926661,chr3,156828529,T,150,231,G,1190,1710,0.80620166,0.933100513,0.0842105,0.111940299,,,,
rs192286195,chr3,156828530,A,150,231,T,1190,1710,0.80620166,0.933100513,0.0842105,0.111940299,,,,
rs12636125,chr3,156864642,A,153,600,T,1903,6803,0.654762474,0.91159485,0.0842105,0.074416342,,,,
rs6441115,chr3,156876574,A,2906,11256,G,380,1696,0.126464746,1.152268732,0.0842105,0.115642118,,,,
rs4371471,chr3,156879097,A,153,399,G,12,60,0.21185411,1.917293233,0.0842105,0.072727273,,,,
rs5003893,chr3,156879120,T,153,399,G,12,60,0.21185411,1.917293233,0.0842105,0.072727273,,,,
rs74491942,chr3,156805462,A,192,572,G,19,61,0.967434049,1.077659183,0.0894737,0.090047393,,,,
rs13064954,chr3,156854742,A,993,12469,G,10969,161231,0.000105255,1.170574704,0.0894737,0.083012874,,,,
rs59210914,chr3,156863364,A,1323,3487,G,171,482,0.798323633,1.069445912,0.0894737,0.114457831,,,,
rs80234565,chr3,156957003,C,2498,19584,G,301,2509,0.655686692,1.063225048,0.0894737,0.107538407,,,,
rs2222405,chr3,156975213,C,712,1693,G,79,198,0.884833389,1.05404981,0.0894737,0.099873578,,,,
rs16827190,chr3,156794119,A,447,2001,G,1256,5551,0.945435552,0.987283826,0.0947368,0.26247798,,,,
rs80325380,chr3,156795490,T,435,4561,C,6561,67206,0.867795609,0.976938432,0.0947368,0.062178388,,,,
rs78695118,chr3,156795602,A,6574,67271,T,422,4496,0.754627349,1.041155668,0.0947368,0.060320183,,,,
rs7621847,chr3,156795881,C,5206,25928,G,454,2334,0.830160557,1.032238717,0.0947368,0.080212014,,,,
rs6441110,chr3,156800874,A,24,76,G,113,760,0.046888725,2.123893805,0.0947368,0.175182482,,,,
rs114383446,chr3,156821462,A,223,2483,G,2829,24569,0.006029814,0.77997858,0.1,0.073066841,,,,
rs73029567,chr3,156801001,A,572,2154,C,2941,10544,0.655686692,0.952052072,0.121053,0.162823797,,,,
rs77031151,chr3,156908169,A,558,885,G,102,188,0.619488724,1.162113659,0.121053,0.154545455,,,,
rs73029556,chr3,156793975,C,1407,6374,G,296,1178,0.273119356,0.878487563,0.126316,0.173810922,,,,
rs9817452,chr3,156795414,T,1757,16788,G,9038,91246,0.21185411,1.056608984,0.131579,0.162760537,,,,
rs12495290,chr3,156819988,A,232,735,G,1789,5397,0.813804528,0.952231893,0.136842,0.114794656,,,,
rs73029552,chr3,156788364,A,1055,8104,C,4455,36851,0.208847906,1.076848473,0.168421,0.191470054,,,,
rs13064720,chr3,156854826,C,11433,152791,G,2587,32134,0.013496965,0.929460185,0.168421,0.184522111,,,,
rs112048739,chr3,156795128,A,645,6211,T,3154,30056,0.932717113,0.989618211,0.189474,0.169781521,,,,
rs16827222,chr3,156800768,A,125,642,C,12,194,0.000823046,3.147715472,0.194737,0.087591241,,,,
rs56237906,chr3,156852473,T,10101,181283,C,2100,32063,5.18139E-09,0.850730791,0.194737,0.17211704,,,,
rs10936058,chr3,156784535,T,29999,375602,C,6422,86674,3.07759E-06,1.07794703,0.2,0.176326844,,,,
rs62274100,chr3,156811140,C,1162,2313,G,318,750,0.147417977,1.184853453,0.2,0.214864865,,,,
rs16827213,chr3,156799356,T,4877,31706,C,1213,7722,0.80620166,0.979220049,0.205263,0.199178982,,,,
rs16827227,chr3,156800955,T,755,3279,C,2758,9419,3.07759E-06,0.786350324,0.205263,0.214916026,,,,
rs7642442,chr3,156848300,T,2084,38543,G,7853,144730,0.971525074,0.996495093,0.242105,0.209721244,,,,
rs11921266,chr3,156840511,T,2377,16209,C,7273,51414,0.45862073,1.036670559,0.247368,0.246321244,,,,
rs57370275,chr3,156846640,T,1639,18175,C,528,6586,0.134433547,1.124844108,0.247368,0.243654822,,,,
rs4266144,chr3,156852592,C,12086,241269,G,3687,54672,1.24419E-48,0.742801701,0.252632,0.233753883,,,,
rs61173790,chr3,156898170,T,4344,31389,C,13469,103506,0.010698388,1.063512281,0.252632,0.243866839,,,,
rs16827355,chr3,156979350,A,63,22,C,27,9,1,0.954545455,0.252632,0.3,,,,
rs2321741,chr3,156991565,T,533,168,C,238,89,0.617192253,1.18639956,0.252632,0.308690013,,,,
rs2321743,chr3,157008596,A,155,206,G,492,550,0.467568646,0.84112795,0.263158,0.239567233,,,,
rs1545854,chr3,156840138,A,3123,54016,G,10335,197545,4.6839E-05,1.105109022,0.268421,0.232055283,,,,
rs79629116,chr3,156823255,T,505,3534,C,901,6266,0.984694412,0.993780413,0.289474,0.359174964,,,,
rs11928575,chr3,156822506,T,204,811,C,257,1258,0.21185411,1.231280017,0.310526,0.442516269,,,,
rs73873630,chr3,157016003,A,2760,13175,G,1158,5640,0.833510506,1.020302622,0.310526,0.295558959,,,,
rs1113276,chr3,156908069,A,442,727,G,218,346,0.89503185,0.964955895,0.321053,0.33030303,,,,
rs1994125,chr3,156817040,A,489,1114,C,747,1963,0.19447885,1.153515318,0.331579,0.395631068,,,,
rs7626027,chr3,156784947,A,8028,105420,C,4148,51872,0.098696757,0.952310554,0.357895,0.340670171,,,,
rs6797982,chr3,156783095,C,741,1645,G,421,955,0.906543073,1.021818077,0.368421,0.362306368,,,,
rs56406311,chr3,156795408,T,4044,40964,C,6751,67070,0.655686692,0.980774098,0.368421,0.374617879,,,,
rs11712937,chr3,156800384,T,4425,83613,C,7930,156202,0.15920576,1.042444331,0.384211,0.358154593,,,,
rs73154652,chr3,156924673,T,1560,6323,C,985,3736,0.452590502,0.935776325,0.436842,0.387033399,,,,
rs60626378,chr3,157036100,T,87,221,C,52,152,0.80620166,1.15071354,0.436842,0.374100719,,,,
rs4680337,chr3,156788451,T,2104,17620,C,3406,27335,0.452590502,0.958328196,0.452632,0.38185118,,,,
rs1500925,chr3,156973804,A,1008,4123,G,790,3320,0.833510506,1.02744407,0.457895,0.439377086,,,,
rs12696045,chr3,156975188,A,401,904,G,390,987,0.467568646,1.122608918,0.457895,0.493046776,,,,
rs6783595,chr3,156864551,A,1192,4497,T,864,2906,0.134433547,0.891528509,0.494737,0.420233463,,,,
rs729257,chr3,156828823,A,688,938,G,652,1003,0.332025179,1.128337279,0.489474,0.486567164,,,,
rs7617389,chr3,156801088,T,985,3249,C,2528,9449,0.032177187,1.133170601,0.368421,0.280387134,,,,
rs10049090,chr3,156797702,A,5623,44070,G,4236,35458,0.021472921,1.068029669,0.363158,0.42965818,,,,
rs11928162,chr3,156827227,T,2398,14887,C,1149,7798,0.130414419,1.09321402,0.357895,0.32393572,,,,
rs6441111,chr3,156821808,T,3603,24138,C,2126,14797,0.490935072,1.038899154,0.305263,0.371094432,,,,
rs12629549,chr3,156924683,A,1757,6803,G,788,3256,0.467568646,1.06715983,0.305263,0.309626719,,,,
rs6805781,chr3,156830569,C,4111,37119,G,1187,10003,0.219613409,0.933320401,0.284211,0.22404681,,,,
rs2088810,chr3,156908314,T,570,934,G,90,139,0.884833389,0.942541042,0.136842,0.136363636,,,,
rs6441118,chr3,156894563,C,751,1903,G,76,208,0.836847992,1.080067483,0.057895,0.091898428,,,,