dbSNP,chr,pos,ref,alt,type,bot,top,clean,controls,CTRL.median,CTRL.p,CTRL.padj,CTRL.mut.p,CTRL.mut.padj,CTRL.fc(log2)
rs2251964,1,158582552,G,A,Ref,1/2,1/2,var,0,0.334695921,0.085009789,0.593065182,0.733681373,0.999405675,0.254826146
rs2251964,1,158582552,G,A,Mut,1/2,1/2,var,0,0.589522067,0.035949762,0.370138009,0.733681373,0.999405675,0.254826146
rs2814778,1,159174683,T,C,Mut,1/3,2/3,var,0,0.03560974,0.257954451,0.977137936,0.034219157,0.772918413,0.65188367
rs2814778,1,159174683,T,C,Ref,1/3,2/3,var,0,0.68749341,0.000776543,0.020340505,0.034219157,0.772918413,0.65188367
rs2814778,1,159174683,T,C,Mut,2/3,1/3,var,0,0.19323248,0.083733303,0.587293486,0.000841419,0.162601539,1.184523683
rs2814778,1,159174683,T,C,Ref,2/3,1/3,var,0,1.377756163,4.38E-08,2.40E-06,0.000841419,0.162601539,1.184523683
rs6427756,1,199000727,A,G,Mut,2/3,1/3,var,0,0.125442933,0.092536947,0.622373573,0.147777713,0.946642279,0.20033129
rs6427756,1,199000727,A,G,Ref,2/3,1/3,var,0,-0.074888357,0.703717152,0.999999772,0.147777713,0.946642279,0.20033129
rs1175550,1,3691528,A,G,Mut,1/2,1/2,var,0,1.246442556,1.21E-07,6.23E-06,0.033951103,0.772918413,0.733089699
rs1175550,1,3691528,A,G,Ref,1/2,1/2,var,0,0.513352857,0.031247383,0.343293967,0.033951103,0.772918413,0.733089699
rs1175550,1,3691528,A,G,Ref,2/3,1/3,var,0,0.723690443,0.000884864,0.022797224,0.165179307,0.951945496,0.287616347
rs1175550,1,3691528,A,G,Mut,2/3,1/3,var,0,1.01130679,3.19E-06,0.000135789,0.165179307,0.951945496,0.287616347
rs113879410,1,40073011,G,C,Mut,2/3,1/3,var,0,1.874529739,1.49E-17,1.83E-15,1.97E-05,0.009069372,1.07610767
rs113879410,1,40073011,G,C,Ref,2/3,1/3,var,0,0.798422068,4.65E-05,0.001636776,1.97E-05,0.009069372,1.07610767
rs901682,10,45965861,C,T,Ref,2/3,1/3,var,0,2.359652778,3.37E-22,5.39E-20,0.008583443,0.529807224,0.587860808
rs901682,10,45965861,C,T,Mut,2/3,1/3,var,0,1.77179197,2.96E-10,2.13E-08,0.008583443,0.529807224,0.587860808
rs189753120,10,46064445,G,A,Ref,2/3,1/3,var,0,0.810547696,5.51E-05,0.001904849,0.011618373,0.567255983,0.65415008
rs189753120,10,46064445,G,A,Mut,2/3,1/3,var,0,0.156397616,0.243270409,0.958541615,0.011618373,0.567255983,0.65415008
rs34144887,10,46086393,G,A,Ref,2/3,1/3,var,0,0.444681054,0.003961844,0.08000172,0.065317204,0.876302332,0.410269279
rs34144887,10,46086393,G,A,Mut,2/3,1/3,var,0,0.034411774,0.441287386,0.999999772,0.065317204,0.876302332,0.410269279
rs75402959,10,46092807,C,G,Mut,1/3,2/3,var,0,1.352958125,1.67E-08,9.83E-07,0.00049265,0.126417207,1.171523464
rs75402959,10,46092807,C,G,Ref,1/3,2/3,var,0,0.181434661,0.265088329,0.985466389,0.00049265,0.126417207,1.171523464
rs149390076,10,46096871,A,G,Mut,1/2,1/2,var,0,1.901922515,4.91E-13,4.64E-11,0.007455191,0.514944538,0.929966491
rs149390076,10,46096871,A,G,Ref,1/2,1/2,var,0,0.971956024,0.000136027,0.004283691,0.007455191,0.514944538,0.929966491
rs114663765,10,46096947,A,C,Mut,2/3,1/3,var,0,1.372956344,8.56E-11,6.65E-09,3.64E-07,0.000349056,1.443966929
rs114663765,10,46096947,A,C,Ref,2/3,1/3,var,0,2.816923272,1.07E-27,2.70E-25,3.64E-07,0.000349056,1.443966929
rs1638564,11,67223920,C,G,Ref,1/3,2/3,var,0,0.386291855,0.064386882,0.506889202,0.139760271,0.946642279,0.281865822
rs1638564,11,67223920,C,G,Mut,1/3,2/3,var,0,0.668157676,0.000894098,0.02299737,0.139760271,0.946642279,0.281865822
rs2251536,11,8853177,G,C,Mut,1/2,1/2,var,0,1.690773855,1.33E-10,1.01E-08,4.01E-07,0.000349056,1.607012016
rs2251536,11,8853177,G,C,Ref,1/2,1/2,var,0,0.083761839,0.722680344,0.999999772,4.01E-07,0.000349056,1.607012016
rs2251536,11,8853177,G,C,Ref,1/3,2/3,var,0,-1.146628934,0.999810473,0.999999772,9.25E-08,0.000103468,2.727603961
rs2251536,11,8853177,G,C,Mut,1/3,2/3,var,0,1.580975027,1.90E-07,9.45E-06,9.25E-08,0.000103468,2.727603961
rs2251536,11,8853177,G,C,Ref,2/3,1/3,var,0,-0.644719196,0.963561458,0.999999772,1.12E-06,0.000727661,2.195471245
rs2251536,11,8853177,G,C,Mut,2/3,1/3,var,0,1.550752049,1.21E-08,7.26E-07,1.12E-06,0.000727661,2.195471245
rs7123861,11,8892323,G,A,Mut,1/3,2/3,var,0,0.311916827,0.156609952,0.795263484,0.002909316,0.326333131,0.572479994
rs7123861,11,8892323,G,A,Ref,1/3,2/3,var,0,0.884396821,8.39E-06,0.000333931,0.002909316,0.326333131,0.572479994
rs7123861,11,8892323,G,A,Ref,2/3,1/3,var,0,1.696951911,2.02E-13,1.97E-11,4.24E-05,0.017442281,1.288979416
rs7123861,11,8892323,G,A,Mut,2/3,1/3,var,0,0.407972495,0.0306932,0.339856251,4.24E-05,0.017442281,1.288979416
rs55935819,12,2521579,G,A,Ref,1/3,2/3,var,0,0.520348074,0.024527994,0.295009794,0.017727554,0.675156698,0.889118899
rs55935819,12,2521579,G,A,Mut,1/3,2/3,var,0,-0.368770825,0.917315745,0.999999772,0.017727554,0.675156698,0.889118899
rs144405020,14,103835159,T,C,Ref,1/3,2/3,var,0,0.607220196,0.000636072,0.016829616,0.217791947,0.970683612,0.568940986
rs144405020,14,103835159,T,C,Mut,1/3,2/3,var,0,1.176161182,2.98E-06,0.000127069,0.217791947,0.970683612,0.568940986
rs144405020,14,103835159,T,C,Mut,2/3,1/3,var,0,1.0559167,8.90E-07,4.06E-05,0.229868283,0.974382837,0.345631633
rs144405020,14,103835159,T,C,Ref,2/3,1/3,var,0,0.710285066,0.000360242,0.010165817,0.229868283,0.974382837,0.345631633
rs3785098,16,67993643,T,C,Mut,1/2,1/2,var,0,3.715499393,6.32E-36,2.48E-33,0.002192682,0.28045439,1.174642212
rs3785098,16,67993643,T,C,Ref,1/2,1/2,var,0,2.540857181,6.28E-26,1.41E-23,0.002192682,0.28045439,1.174642212
rs3785098,16,67993643,T,C,Mut,1/3,2/3,var,0,3.232118169,5.80E-35,2.17E-32,0.000165187,0.057459267,0.738031248
rs3785098,16,67993643,T,C,Ref,1/3,2/3,var,0,2.494086921,1.78E-21,2.71E-19,0.000165187,0.057459267,0.738031248
rs3785098,16,67993643,T,C,Mut,2/3,1/3,var,0,2.33774632,2.64E-24,4.87E-22,0.001888539,0.257068647,0.613931972
rs3785098,16,67993643,T,C,Ref,2/3,1/3,var,0,1.723814349,1.98E-14,2.06E-12,0.001888539,0.257068647,0.613931972
rs9901219,17,37558369,T,G,Mut,1/3,2/3,var,0,0.243954085,0.147862201,0.780908829,0.254550877,0.983706847,0.097271121
rs9901219,17,37558369,T,G,Ref,1/3,2/3,var,0,0.146682964,0.468583787,0.999999772,0.254550877,0.983706847,0.097271121
rs2269907,17,42294215,G,A,Mut,1/3,2/3,var,0,1.484848996,8.83E-08,4.66E-06,1.19E-05,0.006381451,1.626852646
rs2269907,17,42294215,G,A,Ref,1/3,2/3,var,0,-0.14200365,0.813777685,0.999999772,1.19E-05,0.006381451,1.626852646
rs4490057,17,76375095,A,G,Mut,1/3,2/3,var,0,0.88669812,9.20E-06,0.000364512,0.009245655,0.537733193,0.667875611
rs4490057,17,76375095,A,G,Ref,1/3,2/3,var,0,0.218822509,0.135583348,0.74511479,0.009245655,0.537733193,0.667875611
rs4490057,17,76375095,A,G,Ref,2/3,1/3,var,0,1.850801678,3.81E-16,4.33E-14,6.60E-06,0.003973628,1.087927394
rs4490057,17,76375095,A,G,Mut,2/3,1/3,var,0,2.938729071,6.40E-33,2.14E-30,6.60E-06,0.003973628,1.087927394
rs6507680,18,43766986,A,C,Mut,1/2,1/2,var,0,2.408405018,1.51E-18,1.97E-16,1.30E-05,0.006381451,1.514756667
rs6507680,18,43766986,A,C,Ref,1/2,1/2,var,0,3.923161686,1.61E-31,4.96E-29,1.30E-05,0.006381451,1.514756667
rs6507680,18,43766986,A,C,Ref,1/3,2/3,var,0,3.61076564,1.47E-31,4.62E-29,0.000561583,0.135237938,1.037670393
rs6507680,18,43766986,A,C,Mut,1/3,2/3,var,0,2.573095247,2.54E-21,3.83E-19,0.000561583,0.135237938,1.037670393
rs8108621,19,33183291,G,A,Ref,2/3,1/3,var,0,3.378777993,9.99E-34,3.41E-31,0.013406958,0.594501751,0.513990835
rs8108621,19,33183291,G,A,Mut,2/3,1/3,var,0,2.864787158,1.69E-25,3.63E-23,0.013406958,0.594501751,0.513990835
rs760369,19,4449287,T,C,Ref,2/3,1/3,var,0,0.354410141,0.046932303,0.432394497,0.190685177,0.961538823,0.340438585
rs760369,19,4449287,T,C,Mut,2/3,1/3,var,0,0.694848726,0.001432497,0.034262,0.190685177,0.961538823,0.340438585
rs13034231,2,60677968,C,A,Mut,2/3,1/3,var,0,-0.167384953,0.812674511,0.999999772,0.003872841,0.396219492,0.655031637
rs13034231,2,60677968,C,A,Ref,2/3,1/3,var,0,0.487646683,0.002226803,0.049418026,0.003872841,0.396219492,0.655031637
rs737092,20,55990405,T,C,Mut,1/2,1/2,var,0,0.298521175,0.180158464,0.848486138,0.09935553,0.920364648,0.328235892
rs737092,20,55990405,T,C,Ref,1/2,1/2,var,0,0.626757067,0.002388046,0.05255041,0.09935553,0.920364648,0.328235892
rs737092,20,55990405,T,C,Ref,1/3,2/3,var,0,0.632673551,0.000351189,0.009928199,0.04347269,0.82917541,0.392272975
rs737092,20,55990405,T,C,Mut,1/3,2/3,var,0,0.240400576,0.134421264,0.74210754,0.04347269,0.82917541,0.392272975
rs3821710,3,141301451,G,A,Ref,2/3,1/3,var,0,0.399105608,0.018980847,0.246531036,2.40E-11,9.40E-08,2.636612754
rs3821710,3,141301451,G,A,Mut,2/3,1/3,var,0,3.035718362,9.40E-27,2.27E-24,2.40E-11,9.40E-08,2.636612754
rs9386791,6,109608497,C,T,Ref,1/2,1/2,var,0,1.482900121,1.16E-09,7.77E-08,0.000986369,0.173479105,1.036886688
rs9386791,6,109608497,C,T,Mut,1/2,1/2,var,0,0.446013433,0.013148652,0.192321925,0.000986369,0.173479105,1.036886688
rs1546723,6,109625879,G,A,Mut,1/2,1/2,var,0,2.091209774,5.96E-20,8.14E-18,1.23E-05,0.006381451,0.897358647
rs1546723,6,109625879,G,A,Ref,1/2,1/2,var,0,1.193851127,4.49E-07,2.14E-05,1.23E-05,0.006381451,0.897358647
rs1546723,6,109625879,G,A,Ref,2/3,1/3,var,0,0.801490311,0.000987575,0.024951783,7.53E-07,0.000535861,1.437754906
rs1546723,6,109625879,G,A,Mut,2/3,1/3,var,0,2.239245217,1.02E-20,1.50E-18,7.53E-07,0.000535861,1.437754906
rs7767676,6,16252479,C,T,Mut,1/3,2/3,var,0,1.443821303,0.000507219,0.013744843,0.208962283,0.968294327,1.051096421
rs7767676,6,16252479,C,T,Ref,1/3,2/3,var,0,0.392724882,0.041329884,0.403200225,0.208962283,0.968294327,1.051096421
rs13191314,6,27691171,C,A,Ref,2/3,1/3,var,0,0.203055448,0.259922619,0.979506746,0.038777534,0.807775799,0.760928227
rs13191314,6,27691171,C,A,Mut,2/3,1/3,var,0,-0.557872779,0.973660739,0.999999772,0.038777534,0.807775799,0.760928227